threshold,accuracy,precision_eject,recall_eject,f1_eject,specificity_stable,tn,fp,fn,tp
1.5,0.8418841884188419,0.902555910543131,0.436461954422557,0.5883884405102838,0.9835357624831309,7288,122,1459,1130
1.525,0.8421842184218422,0.902788844621514,0.43762070297412126,0.5894901144640999,0.9835357624831309,7288,122,1456,1133
1.55,0.8425842584258426,0.9030976965845909,0.4391657010428737,0.590956340956341,0.9835357624831309,7288,122,1452,1137
1.575,0.8428842884288429,0.9033280507131537,0.440324449594438,0.5920540119449493,0.9835357624831309,7288,122,1449,1140
1.6,0.8431843184318432,0.9022852639873916,0.44225569718037855,0.5935717988595127,0.9832658569500675,7286,124,1444,1145
1.625,0.8435843584358436,0.9019607843137255,0.44418694476631904,0.5952380952380952,0.9831309041835358,7285,125,1439,1150
1.65,0.8438843884388438,0.9015625,0.44573194283507145,0.5965365727578186,0.982995951417004,7284,126,1435,1154
1.675,0.8442844284428442,0.9,0.4484356894553882,0.5986078886310905,0.9825910931174089,7281,129,1428,1161
1.7,0.8444844484448445,0.8995363214837713,0.4495944380069525,0.5995364408962143,0.9824561403508771,7280,130,1425,1164
1.725,0.8454845484548454,0.8996937212863706,0.45384318269602164,0.6033376123234917,0.9823211875843455,7279,131,1414,1175
1.75,0.8462846284628462,0.8990895295902883,0.45770567786790267,0.6066035321218326,0.982051282051282,7277,133,1404,1185
1.775,0.8465846584658466,0.8981132075471698,0.45963692545384316,0.6080735820132857,0.9817813765182186,7275,135,1399,1190
1.8,0.8473847384738474,0.8975317875841436,0.46349942062572425,0.6113092205807438,0.9815114709851552,7273,137,1389,1200
1.825,0.8486848684868487,0.8973412112259971,0.46929316338354576,0.6162820187674359,0.9812415654520917,7271,139,1374,1215
1.85,0.8494849484948495,0.8956204379562044,0.473928157589803,0.6198534983581713,0.980701754385965,7267,143,1362,1227
1.875,0.8501850185018501,0.893294881038212,0.47856315179606024,0.6232394366197183,0.9800269905533063,7262,148,1350,1239
1.9,0.8507850785078508,0.8898365316275764,0.4835843955195056,0.6266266266266266,0.9790823211875843,7255,155,1337,1252
1.925,0.8516851685168517,0.8877980364656382,0.48899188876013905,0.6306351183063512,0.9784075573549258,7250,160,1323,1266
1.95,0.8529852985298529,0.8855961405926946,0.49633062958671303,0.6361386138613861,0.9775978407557355,7244,166,1304,1285
1.975,0.8534853485348535,0.8781965006729475,0.5040556199304751,0.6404907975460122,0.9755735492577597,7229,181,1284,1305
2.0,0.8548854885488549,0.8748353096179183,0.5129393588258014,0.6467007548088629,0.9743589743589743,7220,190,1261,1328
2.025,0.8576857685768576,0.8761290322580645,0.5245268443414446,0.6561971490698236,0.974089068825911,7218,192,1231,1358
2.05,0.8592859285928592,0.8731060606060606,0.5341830822711472,0.6628324946081955,0.9728744939271255,7209,201,1206,1383
2.075,0.8604860486048604,0.8689740420271941,0.5430668211664735,0.6684097932018065,0.9713900134952766,7198,212,1183,1406
2.1,0.8613861386138614,0.8652094717668488,0.5504055619930475,0.6728045325779037,0.9700404858299595,7188,222,1164,1425
2.125,0.862086208620862,0.8584123222748815,0.5596755504055619,0.6775777414075287,0.9677462887989203,7171,239,1140,1449
2.15,0.8626862686268627,0.8534883720930233,0.567014291232136,0.6813645857507542,0.965991902834008,7158,252,1121,1468
2.175,0.8633863386338634,0.8480364257256687,0.5755117806102742,0.6856879889553612,0.9639676113360324,7143,267,1099,1490
2.2,0.863986398639864,0.8427216954824317,0.5836230204712244,0.6896394340483797,0.9619433198380567,7128,282,1078,1511
2.225,0.8647864786478647,0.8385331143951834,0.5917342603321746,0.6938405797101449,0.9601889338731444,7115,295,1057,1532
2.25,0.8647864786478647,0.8312801285484734,0.5994592506759366,0.696588868940754,0.9574898785425101,7095,315,1037,1552
2.275,0.8650865086508651,0.8249475890985325,0.607956740054075,0.7000222370469201,0.9549257759784076,7076,334,1015,1574
2.3,0.8655865586558655,0.8187403993855606,0.6176129779837776,0.7040951122853368,0.9522267206477733,7056,354,990,1599
2.325,0.8667866786678667,0.8134663341645886,0.6299729625337969,0.7100565955594254,0.949527665317139,7036,374,958,1631
2.35,0.8660866086608661,0.8063725490196079,0.6353804557744303,0.7107366601857853,0.946693657219973,7015,395,944,1645
2.375,0.8659865986598659,0.799807969275084,0.6434916956353804,0.7131849315068494,0.9437246963562753,6993,417,923,1666
2.4,0.8658865886588659,0.7943396226415095,0.6504441869447664,0.7152261626672329,0.9411605937921728,6974,436,905,1684
2.425,0.8643864386438644,0.7829279486002754,0.6589416763229046,0.7156040268456376,0.9361673414304993,6937,473,883,1706
2.45,0.8636863686368637,0.7763751127141569,0.6651216685979142,0.7164551695444143,0.9330634278002699,6914,496,867,1722
2.475,0.8631863186318632,0.7683516483516484,0.675164156044805,0.71875,0.9288798920377868,6883,527,841,1748
2.5,0.862986298629863,0.7614757614757615,0.6855928930088837,0.7215447154471545,0.924966261808367,6854,556,814,1775
2.5250000000000004,0.861986198619862,0.7528230865746549,0.6952491309385863,0.7228915662650602,0.9202429149797571,6819,591,789,1800
2.55,0.8607860786078608,0.7451863990167964,0.7025878717651602,0.7232604373757455,0.916059379217274,6788,622,770,1819
2.575,0.8605860586058606,0.7392871445734882,0.7130166087292391,0.7259142744789618,0.9121457489878543,6759,651,743,1846
2.6,0.8587858785878588,0.7317841669948799,0.7176516029354963,0.7246489859594384,0.9080971659919028,6729,681,731,1858
2.625,0.8578857885788579,0.7251349267540478,0.7265353418308227,0.7258344588076404,0.903778677462888,6697,713,708,1881
2.6500000000000004,0.8564856485648565,0.7183951551854656,0.7331015836230205,0.7256738673293825,0.8995951417004049,6666,744,691,1898
2.675,0.8544854485448545,0.7109375,0.7381228273464658,0.7242751563388289,0.8951417004048583,6633,777,678,1911
2.7,0.8521852185218521,0.7026632615833638,0.7439165701042874,0.7227016885553471,0.8900134952766532,6595,815,663,1926
2.725,0.8508850885088509,0.6962115796997855,0.7524140594824257,0.7232225728605903,0.8852901484480432,6560,850,641,1948
2.75,0.8480848084808481,0.686932215234102,0.7593665507918115,0.7213355347642635,0.8790823211875843,6514,896,623,1966
2.7750000000000004,0.8457845784578458,0.6790968183373247,0.7667052916183855,0.7202467343976778,0.8734143049932523,6472,938,604,1985
2.8,0.8428842884288429,0.6705764075067024,0.7728852838933952,0.7181051498295352,0.8673414304993252,6427,983,588,2001
2.825,0.8383838383838383,0.6593514575827055,0.7775202780996524,0.7135767458348103,0.8596491228070176,6370,1040,576,2013
2.85,0.8348834883488349,0.6506101477199743,0.7825415218230978,0.7105032439067157,0.8531713900134953,6322,1088,563,2026
2.875,0.831983198319832,0.6432398361172392,0.7883352645809193,0.7084345713293995,0.8472334682860999,6278,1132,548,2041
2.9000000000000004,0.8282828282828283,0.6349009900990099,0.7925840092699884,0.7050334993987287,0.8407557354925776,6230,1180,537,2052
2.925,0.8248824882488249,0.627123786407767,0.7983777520278099,0.7024638912489379,0.8341430499325236,6181,1229,522,2067
2.95,0.8216821682168217,0.6201550387596899,0.8033989957512553,0.6999831734814067,0.8280701754385965,6136,1274,509,2080
2.975,0.8192819281928193,0.6148648648648649,0.8084202394747007,0.6984815618221258,0.823076923076923,6099,1311,496,2093
3.0,0.8158815881588158,0.608092485549133,0.8126689841637698,0.6956521739130435,0.8170040485829959,6054,1356,485,2104
3.0250000000000004,0.8121812181218122,0.6012532042153232,0.8153727307840866,0.6921311475409836,0.8110661268556005,6010,1400,478,2111
3.05,0.8090809080908091,0.5955593029792018,0.8184627269215914,0.6894420042297056,0.8058029689608637,5971,1439,470,2119
3.075,0.8047804780478047,0.5878136200716846,0.8234839706450366,0.685971685971686,0.7982456140350878,5915,1495,457,2132
3.1,0.8006800680068007,0.5810222947253942,0.8254152182309772,0.6819850007978299,0.7920377867746289,5869,1541,452,2137
3.125,0.7955795579557956,0.5728025647876035,0.8281189648512939,0.677195198989261,0.7842105263157895,5811,1599,445,2144
3.1500000000000004,0.7916791679167917,0.5666140073723012,0.8312089609887988,0.6738687959918584,0.777867746288799,5764,1646,437,2152
3.175,0.7875787578757876,0.5603112840466926,0.8342989571263036,0.6703910614525139,0.771255060728745,5715,1695,429,2160
3.2,0.7833783378337834,0.5540782408591153,0.8370027037466203,0.6667692307692308,0.7646423751686909,5666,1744,422,2167
3.225,0.7792779277927793,0.548110831234257,0.8404789494013133,0.6635157798444885,0.7578947368421053,5616,1794,413,2176
3.25,0.7755775577557755,0.5427721299280932,0.8455001931247585,0.6611295681063123,0.7511470985155195,5566,1844,400,2189
3.2750000000000004,0.7722772277227723,0.5381418092909536,0.8501351873310158,0.6590807007036982,0.7450742240215924,5521,1889,388,2201
3.3,0.7691769176917692,0.5340440998303853,0.8512939358825802,0.6563430613460393,0.7404858299595142,5487,1923,385,2204
3.325,0.7651765176517652,0.5287933094384707,0.8547701815372731,0.6533805727782699,0.7338731443994602,5438,1972,376,2213
3.35,0.7615761576157616,0.5242145050791401,0.8570876786404017,0.6505423629434184,0.7282051282051282,5396,2014,370,2219
3.375,0.757075707570757,0.5186567164179104,0.8590189262263422,0.6467936600261742,0.7214574898785425,5346,2064,365,2224
3.4000000000000004,0.7532753275327533,0.5140617796219455,0.8613364233294708,0.6438573697127183,0.7155195681511471,5302,2108,359,2230
3.425,0.7498749874987499,0.5100227790432802,0.8648126689841638,0.6416392033242585,0.7097165991902834,5259,2151,350,2239
3.45,0.7457745774577458,0.5052939851317865,0.8663576670529162,0.6383039271485487,0.7036437246963563,5214,2196,346,2243
3.475,0.7418741874187419,0.5008912655971479,0.8682889146388567,0.6352974424191041,0.6977058029689609,5170,2240,341,2248
3.5,0.7378737873787379,0.4964726631393298,0.8698339127076091,0.632140350877193,0.6917678812415654,5126,2284,337,2252
3.525,0.7328732873287329,0.4910753156290814,0.8713789107763615,0.6281497981344842,0.6844804318488529,5072,2338,333,2256
3.5500000000000003,0.7292729272927293,0.48731182795698924,0.8752414059482425,0.6260533222820832,0.6782726045883941,5026,2384,323,2266
3.575,0.7257725772577258,0.48373378694450353,0.8787176516029355,0.6239714755896874,0.6723346828609986,4982,2428,314,2275
3.6,0.7224722472247225,0.48042105263157897,0.8814213982232523,0.6218830903392832,0.6669365721997301,4942,2468,307,2282
3.625,0.7178717871787179,0.47582325969153816,0.8818076477404403,0.6181129010423717,0.6605937921727395,4895,2515,306,2283
3.65,0.7155715571557155,0.4736079486648727,0.8837388953263808,0.6167115902964959,0.6568151147098515,4867,2543,301,2288
3.6750000000000003,0.7103710371037104,0.468602986295766,0.8848976438779451,0.6127306766515112,0.6493927125506073,4812,2598,298,2291
3.7,0.705970597059706,0.4644664911925491,0.8860563924295095,0.6094580233793836,0.6430499325236168,4765,2645,295,2294
3.725,0.7014701470147015,0.460352422907489,0.8879876400154499,0.6063563233548728,0.636302294197031,4715,2695,290,2299
3.75,0.6977697769776978,0.4570180663093111,0.8891463885670143,0.6037241017571466,0.6309041835357625,4675,2735,287,2302
3.775,0.693969396939694,0.45370552388441127,0.8914638856701429,0.6013548723293382,0.6249662618083671,4631,2779,281,2308
3.8000000000000003,0.6904690469046905,0.4507782101167315,0.8949401313248359,0.5995600983309614,0.6190283400809716,4587,2823,272,2317
3.825,0.686068606860686,0.4470338983050847,0.8964851293935883,0.5965814162704023,0.6125506072874494,4539,2871,268,2321
3.85,0.6815681568156816,0.4432793136320305,0.8980301274623407,0.5935665049782998,0.6059379217273954,4490,2920,264,2325
3.875,0.6774677467746775,0.4399546827794562,0.8999613750482812,0.5909955611921369,0.5997300944669366,4444,2966,259,2330
3.9000000000000004,0.6741674167416741,0.43732433951658234,0.9015063731170336,0.5889477668433005,0.5947368421052631,4407,3003,255,2334
3.9250000000000003,0.6708670867086709,0.4346855228879792,0.9022788721514098,0.5867135501695341,0.5900134952766531,4372,3038,253,2336
3.95,0.6652665266526653,0.43035648658581405,0.9045963692545385,0.5832399452123024,0.581646423751687,4310,3100,247,2342
3.975,0.6619661966196619,0.42789425706472195,0.906527616840479,0.5813723061679464,0.5765182186234817,4272,3138,242,2347
4.0,0.6579657965796579,0.4249051147659498,0.9080726149092314,0.5789214479192317,0.5705802968960864,4228,3182,238,2351
4.025,0.652965296529653,0.4212126632087283,0.9096176129779838,0.5757946210268948,0.5632928475033738,4174,3236,234,2355
4.050000000000001,0.6482648264826483,0.4177304964539007,0.9100038624951718,0.5726090655000607,0.5568151147098516,4126,3284,233,2356
4.075,0.6438643864386439,0.414496833216045,0.9100038624951718,0.5695636407590958,0.5508771929824562,4082,3328,233,2356
4.1,0.63996399639964,0.41173389209009953,0.9107763615295481,0.5670995670995671,0.5453441295546558,4041,3369,231,2358
4.125,0.637063706370637,0.4098786828422877,0.9134801081498648,0.5658571599473621,0.5404858299595142,4005,3405,224,2365
4.15,0.6331633163316331,0.40741376351467307,0.9169563538045578,0.5641634980988594,0.534008097165992,3957,3453,215,2374
4.175000000000001,0.6296629662966297,0.4050783912747103,0.918115102356122,0.5621378739505735,0.5288798920377867,3919,3491,212,2377
4.2,0.6265626562656266,0.40308109023192823,0.9196601004248744,0.5604990583804144,0.5241565452091768,3884,3526,208,2381
4.225,0.6224622462246224,0.400369623655914,0.9204325994592507,0.5580142840416813,0.5183535762483131,3841,3569,206,2383
4.25,0.6178617861786179,0.39736754415194936,0.9212050984936269,0.5552322197648702,0.5118758434547909,3793,3617,204,2385
4.275,0.6140614061406141,0.39490235021516057,0.921591348010815,0.5528907426717645,0.506612685560054,3754,3656,203,2386
4.300000000000001,0.6101610161016101,0.3924404272801972,0.9223638470451911,0.550611021443394,0.5010796221322538,3713,3697,201,2388
4.325,0.6075607560756076,0.3908778813143698,0.9235225955967555,0.549276361130255,0.497165991902834,3684,3726,198,2391
4.35,0.6038603860386038,0.3886363636363636,0.9246813441483198,0.5472625442907761,0.49176788124156545,3644,3766,195,2394
4.375,0.6001600160016002,0.38642592294051265,0.9258400926998841,0.5452684258416742,0.4863697705802969,3604,3806,192,2397
4.4,0.5962596259625963,0.38412291933418696,0.9269988412514485,0.5431707593074573,0.4807017543859649,3562,3848,189,2400
4.425000000000001,0.5916591659165916,0.38139091775166717,0.9277713402858246,0.5405648700348824,0.47422402159244265,3514,3896,187,2402
4.45,0.5874587458745875,0.37886435331230284,0.9277713402858246,0.5380221749356031,0.46855600539811065,3472,3938,187,2402
4.475,0.5834583458345834,0.3766050735984967,0.9289300888373889,0.5359331476323119,0.46275303643724697,3429,3981,184,2405
4.5,0.5802580258025802,0.3749611197511664,0.9312475859405176,0.534649074176738,0.45762483130904186,3391,4019,178,2411
4.525,0.5768576857685769,0.37322421247683757,0.9335650830436462,0.5332597904026476,0.4522267206477733,3351,4059,172,2417
4.550000000000001,0.5722572257225722,0.3706711615078149,0.9343375820780224,0.5307734503565551,0.445748987854251,3303,4107,170,2419
4.575,0.5686568656865687,0.36863761048460836,0.9343375820780224,0.5286853895749098,0.4408906882591093,3267,4143,170,2419
4.6,0.5651565156515651,0.36680296834772075,0.9354963306295867,0.5269799825935596,0.4357624831309042,3229,4181,167,2422
4.625,0.5625562556255626,0.365445499773858,0.936268829663963,0.5256994144437215,0.4319838056680162,3201,4209,165,2424
4.65,0.5597559755975597,0.36407257459889036,0.9378138277327154,0.5245193346295096,0.42766531713900136,3169,4241,161,2428
4.675000000000001,0.5566556655665567,0.36242912563413904,0.9382000772499034,0.5228715961683349,0.4233468286099865,3137,4273,160,2429
4.7,0.5537553755375537,0.36090895588890537,0.9385863267670915,0.5213473503540013,0.4192982456140351,3107,4303,159,2430
4.725,0.5501550155015501,0.358989511006057,0.9385863267670915,0.5193417396879675,0.4144399460188934,3071,4339,159,2430
4.75,0.5464546454645465,0.3570799059929495,0.9389725762842797,0.5173991699478557,0.4093117408906883,3033,4377,158,2431
4.775,0.5439543954395439,0.35594211372606344,0.9405175743530321,0.5164369034994698,0.4053981106612686,3004,4406,154,2435
4.800000000000001,0.5406540654065407,0.35436046511627906,0.9416763229045964,0.5149434998415884,0.40053981106612685,2968,4442,151,2438
4.825,0.5379537953795379,0.353187798178401,0.9436075704905369,0.5139911634756995,0.396221322537112,2936,4474,146,2443
4.85,0.5336533653365336,0.3510485492674519,0.943993820007725,0.5117788713223747,0.3902834008097166,2892,4518,145,2444
4.875,0.5306530653065307,0.3495853588790392,0.944380069524913,0.5102786183867265,0.3860998650472335,2861,4549,144,2445
4.9,0.5277527752775277,0.34827144686299616,0.9455388180764774,0.5090455396132252,0.38178137651821864,2829,4581,141,2448
4.925000000000001,0.5246524652465246,0.34678561314075335,0.9459250675936655,0.507512174904155,0.3774628879892038,2797,4613,140,2449
4.95,0.5217521752175217,0.34549809778779766,0.9470838161452299,0.5062977493289283,0.37314439946018896,2765,4645,137,2452
4.975,0.5182518251825182,0.3439338750350238,0.9482425646967941,0.5047805078647065,0.3680161943319838,2727,4683,134,2455
5.0,0.5151515151515151,0.3424466452782815,0.9482425646967941,0.5031768805083009,0.3638326585695007,2696,4714,134,2455
5.025,0.5128512851285129,0.3414396887159533,0.9490150637311703,0.5021972406745018,0.3604588394062078,2671,4739,132,2457
5.050000000000001,0.5101510151015102,0.3402076124567474,0.9494013132483584,0.5009170572651315,0.35668016194331986,2643,4767,131,2458
5.075,0.5076507650765076,0.33916758544652703,0.9505600617999227,0.4999492127983748,0.35290148448043185,2615,4795,128,2461
5.1,0.5038503850385039,0.33748972321183884,0.951332560834299,0.49822999898857084,0.3475033738191633,2575,4835,126,2463
5.125,0.5008500850085008,0.33624215980365424,0.9524913093858632,0.497027108737277,0.3430499325236167,2542,4868,123,2466
5.15,0.49814981498149813,0.33505364661143555,0.9528775589030514,0.4957797427652733,0.33927125506072875,2514,4896,122,2467
5.175000000000001,0.49544954495449545,0.33400919167342524,0.9544225569718038,0.4948432962851707,0.3350877192982456,2483,4927,118,2471
5.2,0.49194919491949196,0.33261658379250103,0.9559675550405562,0.4935194416749751,0.3298245614035088,2444,4966,114,2475
5.225,0.49034903490349036,0.33203805440171513,0.9571263035921205,0.49303621169916434,0.3272604588394062,2425,4985,111,2478
5.25,0.48724872487248727,0.33070971184631803,0.9575125531093086,0.4916212196331185,0.32294197031039135,2393,5017,110,2479
5.275,0.48394839483948393,0.32926019391685485,0.9575125531093086,0.49001779007709034,0.3184885290148448,2360,5050,110,2479
5.300000000000001,0.48024802480248024,0.3276955602536998,0.9578988026264967,0.48833316924288667,0.3133603238866397,2322,5088,109,2480
5.325,0.47704770477047703,0.32636148382004737,0.9582850521436849,0.4869002060641743,0.3089068825910931,2289,5121,108,2481
5.35,0.47354735473547355,0.3248657849941076,0.9582850521436849,0.4852337179737923,0.30418353576248314,2254,5156,108,2481
5.375,0.47034703470347033,0.32355625081475686,0.9586713016608729,0.4838206627680312,0.29973009446693655,2221,5189,107,2482
5.4,0.4679467946794679,0.3225932181369365,0.959057551178061,0.48279214466264825,0.2963562753036437,2196,5214,106,2483
5.425000000000001,0.46564656465646564,0.32167832167832167,0.9594438006952491,0.4818155368053535,0.2931174089068826,2172,5238,105,2484
5.45,0.46324632463246324,0.3208204334365325,0.9606025492468134,0.480997969248622,0.2894736842105263,2145,5265,102,2487
5.475,0.4604460446044604,0.3196658097686375,0.9606025492468134,0.47969910309576624,0.2856950067476383,2117,5293,102,2487
5.5,0.45744574457445747,0.31843790012804096,0.9606025492468134,0.4783152226175594,0.2816464237516869,2087,5323,102,2487
5.525,0.45514551455145513,0.31759601888477734,0.9613750482811897,0.47746019566468445,0.27827260458839403,2062,5348,100,2489
5.55,0.45264526452645265,0.3165861104044772,0.9613750482811897,0.47631805568845087,0.2748987854251012,2037,5373,100,2489
5.575,0.45014501450145017,0.3156293573329953,0.9617612977983777,0.4752815422790609,0.27139001349527664,2011,5399,99,2490
5.6000000000000005,0.44654465446544656,0.3142424624700391,0.9621475473155658,0.47375427919360974,0.2663967611336032,1974,5436,98,2491
5.625,0.44274427442744274,0.3127432517263026,0.9621475473155658,0.4720485124123555,0.2612685560053981,1936,5474,98,2491
5.65,0.44034403440344033,0.31180373012892726,0.9621475473155658,0.47097750047267917,0.258029689608637,1912,5498,98,2491
5.675,0.43824382438243825,0.31108060893436484,0.9629200463499421,0.4702442704894841,0.25492577597840754,1889,5521,96,2493
5.7,0.43584358435843584,0.31019900497512437,0.9633062958671301,0.4692821526013736,0.2515519568151147,1864,5546,95,2494
5.7250000000000005,0.43334333433343336,0.30937925907570313,0.9644650444186945,0.46848030018761727,0.24777327935222673,1836,5574,92,2497
5.75,0.43114311431143115,0.3085855466337245,0.9648512939358825,0.46761512542119055,0.2446693657219973,1813,5597,91,2498
5.775,0.42854285428542854,0.30764495875907916,0.9652375434530707,0.4665795369678865,0.24102564102564103,1786,5624,90,2499
5.8,0.42674267426742674,0.3070121576814442,0.9656237929702588,0.46589638464405514,0.23846153846153847,1767,5643,89,2500
5.825,0.4241424142414241,0.3060350104051904,0.9656237929702588,0.4647704034207102,0.2349527665317139,1741,5669,89,2500
5.8500000000000005,0.42164216421642164,0.3052439024390244,0.9667825415218231,0.4639911020483826,0.23117408906882592,1713,5697,86,2503
5.875,0.41914191419141916,0.3043636805639966,0.9671687910390112,0.4630177514792899,0.22766531713900134,1687,5723,85,2504
5.9,0.41654165416541655,0.3034524530587523,0.9675550405561993,0.4620066396163777,0.22402159244264508,1660,5750,84,2505
5.925,0.4146414641464146,0.3028032866118898,0.9679412900733874,0.4612977450529222,0.2213225371120108,1640,5770,83,2506
5.95,0.41204120412041206,0.30190269749518306,0.9683275395905755,0.4602956026806206,0.2176788124156545,1613,5797,82,2507
5.9750000000000005,0.4093409340934093,0.30097203888155527,0.9687137891077636,0.4592565464200696,0.21390013495276652,1585,5825,81,2508
6.0,0.4079407940794079,0.30046723373667183,0.9687137891077636,0.4586686174103877,0.21201079622132254,1571,5839,81,2508
6.025,0.40574057405740577,0.2996773808101326,0.9687137891077636,0.45774776419054575,0.20904183535762483,1549,5861,81,2508
6.05,0.40304030403040303,0.29876160990712075,0.9691000386249518,0.456721580049149,0.20526315789473684,1521,5889,80,2509
6.075,0.4002400240024002,0.297864768683274,0.9698725376593279,0.4557582357745712,0.20121457489878541,1491,5919,78,2511
6.1000000000000005,0.39733973397339734,0.2968435985341057,0.9698725376593279,0.4545619116582187,0.19730094466936574,1462,5948,78,2511
6.125,0.3949394939493949,0.29605185621685326,0.970258787176516,0.4536752754199025,0.19392712550607288,1437,5973,77,2512
6.15,0.39303930393039305,0.2953904045155221,0.970258787176516,0.4528982241052916,0.1913630229419703,1418,5992,77,2512
6.175,0.3915391539153915,0.29491843680319213,0.9706450366937042,0.4523852385238524,0.18920377867746288,1402,6008,76,2513
6.2,0.38923892389238923,0.29426900584795324,0.9718037852452684,0.4517461172457133,0.18569500674763834,1376,6034,73,2516
6.2250000000000005,0.387038703870387,0.29356193142057385,0.9721900347624566,0.45095404461166355,0.1825910931174089,1353,6057,72,2517
6.25,0.38553855385538555,0.2930974275404493,0.9725762842796446,0.4504472271914132,0.18043184885290148,1337,6073,71,2518
6.275,0.3842384238423842,0.29275092936802977,0.9733487833140209,0.4501205680092882,0.17840755735492578,1322,6088,69,2520
6.300000000000001,0.38183818381838186,0.2919369786839666,0.9733487833140209,0.44915782907049284,0.17516869095816465,1298,6112,69,2520
6.325,0.38023802380238025,0.2914450867052023,0.973735032831209,0.44861642494883885,0.1728744939271255,1281,6129,68,2521
6.3500000000000005,0.3779377937793779,0.29072046109510086,0.974121282348397,0.44779829545454547,0.16963562753036437,1257,6153,67,2522
6.375,0.37563756375637564,0.2899517130374799,0.974121282348397,0.4468857978205015,0.16653171390013496,1234,6176,67,2522
6.4,0.3732373237323732,0.2892022008253095,0.9745075318655851,0.4460355343410236,0.1631578947368421,1209,6201,66,2523
6.425000000000001,0.37073707370737075,0.2883758143787861,0.9745075318655851,0.44505203739636623,0.15978407557354926,1184,6226,66,2523
6.45,0.36833683368336834,0.2876837188105275,0.9752800308999614,0.4443075840225233,0.1562753036437247,1158,6252,64,2525
6.4750000000000005,0.36683668366836686,0.28728967712596637,0.9760525299343376,0.44391743522178306,0.15398110661268555,1141,6269,62,2527
6.5,0.36583658365836585,0.28706015891032916,0.9768250289687138,0.44372313360821125,0.15236167341430498,1129,6281,60,2529
6.525,0.36403640364036405,0.2865232163080408,0.977211278485902,0.4431211139329188,0.14979757085020243,1110,6300,59,2530
6.550000000000001,0.36263626362636264,0.28611801944381643,0.97759752800309,0.44267599475295144,0.14777327935222673,1095,6315,58,2531
6.575,0.3611361136113611,0.2856820489676182,0.9779837775202781,0.4421935033181977,0.1456140350877193,1079,6331,57,2532
6.6000000000000005,0.36023602360236023,0.28544061302681994,0.9783700270374662,0.44194364477013,0.14426450742240216,1069,6341,56,2533
6.625,0.3582358235823582,0.2847987407240837,0.9783700270374662,0.44117390925716277,0.14156545209176788,1049,6361,56,2533
6.65,0.35653565356535655,0.2842554146560431,0.9783700270374662,0.4405217391304348,0.13927125506072874,1032,6378,56,2533
6.675000000000001,0.35553555355535554,0.2839367783880731,0.9783700270374662,0.44013900955690705,0.13792172739541161,1022,6388,56,2533
6.7,0.3536353635363536,0.28338179378215167,0.9787562765546544,0.43951088370479574,0.13522267206477734,1002,6408,55,2534
6.7250000000000005,0.35223522352235226,0.282987273945077,0.9791425260718424,0.43907508443751625,0.1331983805668016,987,6423,54,2535
6.75,0.35043504350435045,0.2824682557362442,0.9795287755890305,0.43848880435722315,0.13063427800269906,968,6442,53,2536
6.775,0.3487348734873487,0.2819344080044469,0.9795287755890305,0.43784530386740333,0.12834008097165991,951,6459,53,2536
6.800000000000001,0.34683468346834684,0.28138864241348716,0.9799150251062186,0.4372253339077984,0.12564102564102564,931,6479,52,2537
6.825,0.34573457345734576,0.28114273059461853,0.9806875241405948,0.4370051635111876,0.12388663967611337,918,6492,50,2539
6.8500000000000005,0.34463446344634463,0.2808007078080071,0.9806875241405948,0.43659186656349414,0.12240215924426451,907,6503,50,2539
6.875,0.3426342634263426,0.28018097550209664,0.9806875241405948,0.4358424169599176,0.11970310391363023,887,6523,50,2539
6.9,0.34073407340734074,0.27964328966200597,0.9810737736577829,0.43522960932145305,0.11700404858299596,867,6543,49,2540
6.925000000000001,0.33953395339533954,0.279322853688029,0.981460023174971,0.43487934280335444,0.11524966261808367,854,6556,48,2541
6.95,0.33813381338133813,0.27889364504445174,0.981460023174971,0.43435897435897436,0.11336032388663968,840,6570,48,2541
6.9750000000000005,0.33763376337633766,0.27874067573497147,0.981460023174971,0.4341734301580521,0.1126855600539811,835,6575,48,2541
7.0,0.33663366336633666,0.2784352399737015,0.981460023174971,0.43380281690140843,0.11133603238866396,825,6585,48,2541
7.025,0.33483348334833485,0.27793570959982505,0.9818462726921592,0.4332339156369834,0.10877192982456141,806,6604,47,2542
7.050000000000001,0.3329332933293329,0.2773595199127114,0.9818462726921592,0.4325336055810788,0.10620782726045884,787,6623,47,2542
7.075,0.33163316331633164,0.27696665940292003,0.9818462726921592,0.43205574912891986,0.10445344129554655,774,6636,47,2542
7.1000000000000005,0.33013301330133016,0.27656334964654705,0.9822325222093472,0.431602172437203,0.10229419703103913,758,6652,46,2543
7.125,0.32853285328532855,0.27608294430572144,0.9822325222093472,0.43101694915254235,0.10013495276653171,742,6668,46,2543
7.15,0.3278327832783278,0.2759219088937093,0.9826187717265353,0.43085782030654585,0.099055330634278,734,6676,45,2544
7.175000000000001,0.3266326632663266,0.2756118691791206,0.9830050212437235,0.430516789308974,0.09730094466936572,721,6689,44,2545
7.2,0.32513251325132514,0.27526207716416295,0.9837775202780996,0.4301638236784327,0.09500674763832659,704,6706,42,2547
7.2250000000000005,0.32433243324332434,0.27512142471667567,0.9845500193124759,0.430065800573646,0.09365721997300945,694,6716,40,2549
7.25,0.32323232323232326,0.27479517033203965,0.9845500193124759,0.4296670880741677,0.09217273954116059,683,6727,40,2549
7.275,0.32203220322032206,0.2745372363323289,0.985322518346852,0.42942513256459897,0.0902834008097166,669,6741,38,2551
7.300000000000001,0.3209320932093209,0.2742126195850801,0.985322518346852,0.4290279179280188,0.08879892037786774,658,6752,38,2551
7.325,0.31963196319631965,0.2738299699441821,0.985322518346852,0.4285594288114238,0.08704453441295547,645,6765,38,2551
7.3500000000000005,0.3179317931793179,0.27333119039965714,0.985322518346852,0.42794833081697703,0.08475033738191633,628,6782,38,2551
7.375,0.31703170317031704,0.27306786555341467,0.985322518346852,0.42762551336853577,0.08353576248313091,619,6791,38,2551
7.4,0.31663166316631663,0.27295099507810827,0.985322518346852,0.4274821952241307,0.08299595141700405,615,6795,38,2551
7.425000000000001,0.31533153315331536,0.2725718559675179,0.985322518346852,0.42701707398727823,0.08124156545209177,602,6808,38,2551
7.45,0.31453145314531455,0.27243623946217055,0.9860950173812283,0.4269230769230769,0.07989203778677463,592,6818,36,2553
7.4750000000000005,0.3138313831383138,0.2722328854766475,0.9860950173812283,0.42667335171722237,0.07894736842105263,585,6825,36,2553
7.5,0.31293129312931295,0.27197187599872163,0.9860950173812283,0.42635270541082165,0.07773279352226721,576,6834,36,2553
7.525,0.3114311431143114,0.27158655891110167,0.9864812668984164,0.4259151171516718,0.07557354925775979,560,6850,35,2554
7.550000000000001,0.31093109310931094,0.2715393604589398,0.9872537659327926,0.42592901183136145,0.07462887989203779,553,6857,33,2556
7.575,0.30933093309330933,0.27107858733693924,0.9872537659327926,0.4253619570644034,0.07246963562753037,537,6873,33,2556
7.6000000000000005,0.3092309230923092,0.27124390760754397,0.988798764001545,0.42570882181757713,0.07179487179487179,532,6878,29,2560
7.625,0.3084308430843084,0.2710141858987931,0.988798764001545,0.42542584129621935,0.07071524966261808,524,6886,29,2560
7.65,0.30743074307430746,0.2707760625925143,0.9891850135187331,0.42516809164107244,0.06923076923076923,513,6897,28,2561
7.675000000000001,0.30703070307030705,0.27071005917159763,0.9895712630359212,0.4251223761719074,0.06855600539811066,508,6902,27,2562
7.7,0.30643064306430645,0.2705385427666315,0.9895712630359212,0.4249108549630981,0.06774628879892038,502,6908,27,2562
7.7250000000000005,0.30563056305630565,0.27031019202363366,0.9895712630359212,0.4246291538907765,0.06666666666666667,494,6916,27,2562
7.75,0.3049304930493049,0.2701107011070111,0.9895712630359212,0.42438297167467287,0.06572199730094468,487,6923,27,2562
7.775,0.30403040304030404,0.269854645038972,0.9895712630359212,0.42406687081022926,0.06450742240215925,478,6932,27,2562
7.800000000000001,0.30303030303030304,0.26957070707070707,0.9895712630359212,0.4237161994542297,0.06315789473684211,468,6942,27,2562
7.825,0.3019301930193019,0.26925906463478716,0.9895712630359212,0.42333113020489094,0.061673414304993256,457,6953,27,2562
7.8500000000000005,0.30143014301430143,0.2691661415668977,0.9899575125531093,0.4232515894641235,0.060863697705802966,451,6959,26,2563
7.875,0.30083008300830083,0.26899664147774976,0.9899575125531093,0.42304200709746637,0.06005398110661268,445,6965,26,2563
7.9,0.2998299829982998,0.26871461522331724,0.9899575125531093,0.4226931640141832,0.058704453441295545,435,6975,26,2563
7.925000000000001,0.2988298829882988,0.2684331797235023,0.9899575125531093,0.42234489577325535,0.05735492577597841,425,6985,26,2563
7.95,0.2984298429842984,0.26851464435146444,0.9915025106218617,0.4225862210881554,0.0562753036437247,417,6993,22,2567
7.9750000000000005,0.2978297829782978,0.2683462262178549,0.9915025106218617,0.4223776223776224,0.055465587044534415,411,6999,22,2567
8.0,0.29732973297329734,0.2682060390763766,0.9915025106218617,0.42220394736842104,0.054790823211875846,406,7004,22,2567
